ابي,abi,start
ابي,abil,start
الله,allah,end
الله,alla,end
ذو,zoul,start
عبد,abdul,start
عبد,abdel,start
عبد,abd,start
ابو,abou,start
ابو,abu,start
ابو,abo,start
بو,abou,start
ابو,aboul,start
ابو,abouel,start
ال,el,start
ال,al,start
الدين,eddine,end
الدين,ddine,end
الدين,ddin,end
الدين,din,end
الدين,dine,end
الدين,deen,end
الدين,edeen,end
الدين,eddeen,end
الدين,eddin,end
الدين,eddine,end
الدين,eldin,end
الدين,eldeen,end
الدين,eddeen,end
الدين,eldine,end
الدين,eldeen,end
الدين,aldine,end
الدين,alddine,end
الدين,aldeen,end
الدين,addeen,end
ديل,del,start

